{
  "mae_all": 79.91591981457127,
  "mae_peak": 100.92711531575523,
  "pinball_p90": 23.575716078819763,
  "composite": 74.95123771777617
}