{
  "mae_all": 76.58074795302524,
  "mae_peak": 107.88492106119791,
  "pinball_p90": 26.452093203965052,
  "composite": 75.94626893566499
}