{
  "mae_all":71.0038373308,
  "mae_peak":86.483680971,
  "pinball_p90":25.3287578475,
  "composite":66.5127745262
}