{
  "mae_all":32.3503257775,
  "mae_peak":39.9007697949,
  "pinball_p90":9.017196573,
  "composite":29.9488331418
}