{
  "mae_all":71.0742459932,
  "mae_peak":107.6298050108,
  "pinball_p90":17.02424286,
  "composite":71.2309130718
}