{
  "composite": 67.6141339608713,
  "mae_all": 79.73339877649761,
  "mae_peak": 78.81822889243492,
  "pinball_p90": 20.509829524460095
}
