{
  "composite": 70.34500830710648,
  "lag24_terciles": [
    844.0373014901775,
    960.9425839754564
  ],
  "mae_all": 79.91333959597195,
  "mae_peak": 83.65002794724936,
  "p90_uplifts": [
    1.065,
    1.14,
    1.085
  ],
  "pinball_p90": 26.46665062472851,
  "point_weights": [
    0.35,
    1.0,
    0.475
  ]
}
