{
  "composite": 73.23643503525669,
  "mae_all": 81.57938331249966,
  "mae_peak": 95.2964773833316,
  "pinball_p90": 19.289000820036854
}
